repo,count,category
astropy,astropy__astropy-7606,unresolved
astropy,astropy__astropy-8872,unresolved
astropy,astropy__astropy-14182,unresolved
astropy,astropy__astropy-7606,unresolved
astropy,astropy__astropy-8872,unresolved
astropy,astropy__astropy-13236,unresolved
astropy,astropy__astropy-8872,unresolved
astropy,astropy__astropy-13236,unresolved
astropy,astropy__astropy-7606,unresolved
astropy,astropy__astropy-8872,unresolved
astropy,astropy__astropy-13236,unresolved
astropy,astropy__astropy-14365,unresolved
astropy,astropy__astropy-14598,unresolved
astropy,astropy__astropy-7606,unresolved
astropy,astropy__astropy-8872,unresolved
astropy,astropy__astropy-8872,unresolved
astropy,astropy__astropy-7606,unresolved
astropy,astropy__astropy-8872,unresolved
astropy,astropy__astropy-14096,unresolved
astropy,astropy__astropy-14309,unresolved
astropy,astropy__astropy-8872,unresolved
django,django__django-10999,unresolved
django,django__django-11141,unresolved
django,django__django-11265,unresolved
django,django__django-11333,unresolved
django,django__django-15554,unresolved
django,django__django-11477,unresolved
django,django__django-12406,unresolved
django,django__django-14034,unresolved
django,django__django-14792,unresolved
django,django__django-16631,unresolved
django,django__django-10999,unresolved
django,django__django-11141,unresolved
django,django__django-11265,unresolved
django,django__django-11333,unresolved
django,django__django-11820,unresolved
django,django__django-11885,unresolved
django,django__django-12663,unresolved
django,django__django-13212,unresolved
django,django__django-14034,unresolved
django,django__django-14170,unresolved
django,django__django-15252,unresolved
django,django__django-15503,unresolved
django,django__django-15554,unresolved
django,django__django-15732,unresolved
django,django__django-16256,unresolved
django,django__django-11728,unresolved
django,django__django-11790,unresolved
django,django__django-11820,unresolved
django,django__django-13212,unresolved
django,django__django-13794,unresolved
django,django__django-14155,unresolved
django,django__django-14170,unresolved
django,django__django-14404,unresolved
django,django__django-15695,unresolved
django,django__django-15732,unresolved
django,django__django-16256,unresolved
django,django__django-16502,unresolved
django,django__django-16667,unresolved
django,django__django-10999,unresolved
django,django__django-11141,unresolved
django,django__django-12125,unresolved
django,django__django-12663,unresolved
django,django__django-13023,unresolved
django,django__django-14011,unresolved
django,django__django-14311,unresolved
django,django__django-14404,unresolved
django,django__django-14534,unresolved
django,django__django-14771,unresolved
django,django__django-14792,unresolved
django,django__django-15127,unresolved
django,django__django-16667,unresolved
django,django__django-11138,unresolved
django,django__django-11239,unresolved
django,django__django-11433,unresolved
django,django__django-11848,unresolved
django,django__django-11964,unresolved
django,django__django-12308,unresolved
django,django__django-13551,unresolved
django,django__django-14011,unresolved
django,django__django-14155,unresolved
django,django__django-14376,unresolved
django,django__django-14725,unresolved
django,django__django-14792,unresolved
django,django__django-15127,unresolved
django,django__django-15629,unresolved
django,django__django-15973,unresolved
django,django__django-16315,unresolved
django,django__django-16667,unresolved
django,django__django-16950,unresolved
django,django__django-17084,unresolved
django,django__django-10554,unresolved
django,django__django-10999,unresolved
django,django__django-11211,unresolved
django,django__django-11265,unresolved
django,django__django-11734,unresolved
django,django__django-11885,unresolved
django,django__django-11964,unresolved
django,django__django-12039,unresolved
django,django__django-12193,unresolved
django,django__django-12273,unresolved
django,django__django-12325,unresolved
django,django__django-12858,unresolved
django,django__django-13513,unresolved
django,django__django-13794,unresolved
django,django__django-13925,unresolved
django,django__django-14034,unresolved
django,django__django-14155,unresolved
django,django__django-14170,unresolved
django,django__django-14792,unresolved
django,django__django-15280,unresolved
django,django__django-15563,unresolved
django,django__django-15930,unresolved
django,django__django-16631,unresolved
django,django__django-16642,unresolved
django,django__django-16938,unresolved
django,django__django-16950,unresolved
django,django__django-11141,unresolved
django,django__django-11820,unresolved
django,django__django-14534,unresolved
django,django__django-14792,unresolved
django,django__django-15252,unresolved
django,django__django-10999,unresolved
django,django__django-11087,unresolved
django,django__django-11138,unresolved
django,django__django-11211,unresolved
django,django__django-11265,unresolved
django,django__django-11964,unresolved
django,django__django-12273,unresolved
django,django__django-12304,unresolved
django,django__django-13112,unresolved
django,django__django-13315,unresolved
django,django__django-13551,unresolved
django,django__django-13925,unresolved
django,django__django-13933,unresolved
django,django__django-14011,unresolved
django,django__django-14034,unresolved
django,django__django-14376,unresolved
django,django__django-14404,unresolved
django,django__django-14434,unresolved
django,django__django-14559,unresolved
django,django__django-14792,unresolved
django,django__django-15127,unresolved
django,django__django-15280,unresolved
django,django__django-16819,unresolved
django,django__django-17087,unresolved
django,django__django-11265,unresolved
django,django__django-11299,unresolved
django,django__django-12039,unresolved
django,django__django-12754,unresolved
django,django__django-13023,unresolved
django,django__django-13121,unresolved
django,django__django-13344,unresolved
django,django__django-13590,unresolved
django,django__django-14034,unresolved
django,django__django-14534,unresolved
django,django__django-15554,unresolved
django,django__django-15973,unresolved
django,django__django-17084,unresolved
matplotlib,matplotlib__matplotlib-23299,unresolved
matplotlib,matplotlib__matplotlib-26466,unresolved
matplotlib,matplotlib__matplotlib-26208,unresolved
matplotlib,matplotlib__matplotlib-26466,unresolved
matplotlib,matplotlib__matplotlib-24870,unresolved
matplotlib,matplotlib__matplotlib-26466,unresolved
matplotlib,matplotlib__matplotlib-20826,unresolved
matplotlib,matplotlib__matplotlib-23476,unresolved
matplotlib,matplotlib__matplotlib-24177,unresolved
matplotlib,matplotlib__matplotlib-26466,unresolved
matplotlib,matplotlib__matplotlib-21568,unresolved
matplotlib,matplotlib__matplotlib-23299,unresolved
matplotlib,matplotlib__matplotlib-24177,unresolved
matplotlib,matplotlib__matplotlib-25311,unresolved
matplotlib,matplotlib__matplotlib-26208,unresolved
matplotlib,matplotlib__matplotlib-26466,unresolved
matplotlib,matplotlib__matplotlib-14623,unresolved
matplotlib,matplotlib__matplotlib-23476,unresolved
matplotlib,matplotlib__matplotlib-25479,unresolved
matplotlib,matplotlib__matplotlib-25960,unresolved
matplotlib,matplotlib__matplotlib-24637,partial
matplotlib,matplotlib__matplotlib-25287,partial
psf,psf__requests-2931,unresolved
psf,psf__requests-2931,unresolved
psf,psf__requests-6028,unresolved
psf,psf__requests-5414,unresolved
psf,psf__requests-6028,unresolved
psf,psf__requests-6028,unresolved
psf,psf__requests-5414,unresolved
psf,psf__requests-1766,partial
pydata,pydata__xarray-6938,unresolved
pydata,pydata__xarray-6992,unresolved
pydata,pydata__xarray-6938,unresolved
pydata,pydata__xarray-7229,unresolved
pydata,pydata__xarray-6992,unresolved
pydata,pydata__xarray-7229,unresolved
pydata,pydata__xarray-3095,unresolved
pydata,pydata__xarray-3993,unresolved
pydata,pydata__xarray-6992,unresolved
pydata,pydata__xarray-6938,unresolved
pydata,pydata__xarray-6992,unresolved
pydata,pydata__xarray-2905,unresolved
pydata,pydata__xarray-4687,unresolved
pydata,pydata__xarray-6938,unresolved
pydata,pydata__xarray-6992,unresolved
pydata,pydata__xarray-7229,unresolved
pydata,pydata__xarray-7393,unresolved
pydata,pydata__xarray-6938,unresolved
pydata,pydata__xarray-6992,unresolved
pydata,pydata__xarray-6938,unresolved
pydata,pydata__xarray-6992,unresolved
pydata,pydata__xarray-7229,unresolved
pylint-dev,pylint-dev__pylint-4604,unresolved
pylint-dev,pylint-dev__pylint-4604,unresolved
pylint-dev,pylint-dev__pylint-4661,unresolved
pylint-dev,pylint-dev__pylint-4604,unresolved
pylint-dev,pylint-dev__pylint-4661,unresolved
pylint-dev,pylint-dev__pylint-4970,unresolved
pylint-dev,pylint-dev__pylint-4551,unresolved
pylint-dev,pylint-dev__pylint-4604,unresolved
pylint-dev,pylint-dev__pylint-4661,unresolved
pylint-dev,pylint-dev__pylint-4551,unresolved
pylint-dev,pylint-dev__pylint-4604,unresolved
pylint-dev,pylint-dev__pylint-4661,unresolved
pylint-dev,pylint-dev__pylint-6386,unresolved
pylint-dev,pylint-dev__pylint-4604,unresolved
pylint-dev,pylint-dev__pylint-4661,unresolved
pylint-dev,pylint-dev__pylint-4970,unresolved
pylint-dev,pylint-dev__pylint-6386,unresolved
pylint-dev,pylint-dev__pylint-4604,unresolved
pylint-dev,pylint-dev__pylint-4661,unresolved
pylint-dev,pylint-dev__pylint-4970,unresolved
pylint-dev,pylint-dev__pylint-4551,unresolved
pylint-dev,pylint-dev__pylint-4604,unresolved
pylint-dev,pylint-dev__pylint-4661,unresolved
pylint-dev,pylint-dev__pylint-4551,unresolved
pytest-dev,pytest-dev__pytest-10356,unresolved
pytest-dev,pytest-dev__pytest-5840,unresolved
pytest-dev,pytest-dev__pytest-7205,unresolved
pytest-dev,pytest-dev__pytest-5840,unresolved
pytest-dev,pytest-dev__pytest-10356,unresolved
pytest-dev,pytest-dev__pytest-7205,unresolved
pytest-dev,pytest-dev__pytest-7324,unresolved
pytest-dev,pytest-dev__pytest-8399,unresolved
scikit-learn,scikit-learn__scikit-learn-14087,unresolved
scikit-learn,scikit-learn__scikit-learn-25747,unresolved
scikit-learn,scikit-learn__scikit-learn-14087,unresolved
scikit-learn,scikit-learn__scikit-learn-25747,unresolved
scikit-learn,scikit-learn__scikit-learn-26194,unresolved
scikit-learn,scikit-learn__scikit-learn-26194,unresolved
scikit-learn,scikit-learn__scikit-learn-25747,unresolved
scikit-learn,scikit-learn__scikit-learn-14087,unresolved
scikit-learn,scikit-learn__scikit-learn-14983,unresolved
scikit-learn,scikit-learn__scikit-learn-25747,unresolved
sphinx-doc,sphinx-doc__sphinx-7462,unresolved
sphinx-doc,sphinx-doc__sphinx-8595,unresolved
sphinx-doc,sphinx-doc__sphinx-9711,unresolved
sphinx-doc,sphinx-doc__sphinx-10614,unresolved
sphinx-doc,sphinx-doc__sphinx-9461,unresolved
sphinx-doc,sphinx-doc__sphinx-9711,unresolved
sphinx-doc,sphinx-doc__sphinx-10614,unresolved
sphinx-doc,sphinx-doc__sphinx-7462,unresolved
sphinx-doc,sphinx-doc__sphinx-8595,unresolved
sphinx-doc,sphinx-doc__sphinx-9711,unresolved
sphinx-doc,sphinx-doc__sphinx-7462,unresolved
sphinx-doc,sphinx-doc__sphinx-8595,unresolved
sphinx-doc,sphinx-doc__sphinx-8595,unresolved
sphinx-doc,sphinx-doc__sphinx-9711,unresolved
sphinx-doc,sphinx-doc__sphinx-10449,unresolved
sphinx-doc,sphinx-doc__sphinx-10614,unresolved
sphinx-doc,sphinx-doc__sphinx-7454,unresolved
sphinx-doc,sphinx-doc__sphinx-7462,unresolved
sphinx-doc,sphinx-doc__sphinx-7590,unresolved
sphinx-doc,sphinx-doc__sphinx-7748,unresolved
sphinx-doc,sphinx-doc__sphinx-7757,unresolved
sphinx-doc,sphinx-doc__sphinx-7889,unresolved
sphinx-doc,sphinx-doc__sphinx-7910,unresolved
sphinx-doc,sphinx-doc__sphinx-7985,unresolved
sphinx-doc,sphinx-doc__sphinx-8056,unresolved
sphinx-doc,sphinx-doc__sphinx-8551,unresolved
sphinx-doc,sphinx-doc__sphinx-8593,unresolved
sphinx-doc,sphinx-doc__sphinx-8595,unresolved
sphinx-doc,sphinx-doc__sphinx-8621,unresolved
sphinx-doc,sphinx-doc__sphinx-8721,unresolved
sphinx-doc,sphinx-doc__sphinx-9229,unresolved
sphinx-doc,sphinx-doc__sphinx-9230,unresolved
sphinx-doc,sphinx-doc__sphinx-9258,unresolved
sphinx-doc,sphinx-doc__sphinx-9461,unresolved
sphinx-doc,sphinx-doc__sphinx-9591,unresolved
sphinx-doc,sphinx-doc__sphinx-9602,unresolved
sphinx-doc,sphinx-doc__sphinx-9658,unresolved
sphinx-doc,sphinx-doc__sphinx-9711,unresolved
sphinx-doc,sphinx-doc__sphinx-8595,unresolved
sphinx-doc,sphinx-doc__sphinx-9711,unresolved
sphinx-doc,sphinx-doc__sphinx-8548,unresolved
sphinx-doc,sphinx-doc__sphinx-8593,unresolved
sphinx-doc,sphinx-doc__sphinx-10614,unresolved
sphinx-doc,sphinx-doc__sphinx-9658,unresolved
sympy,sympy__sympy-21930,unresolved
sympy,sympy__sympy-13974,unresolved
sympy,sympy__sympy-14976,unresolved
sympy,sympy__sympy-18199,unresolved
sympy,sympy__sympy-18698,unresolved
sympy,sympy__sympy-20916,unresolved
sympy,sympy__sympy-12489,unresolved
sympy,sympy__sympy-17630,unresolved
sympy,sympy__sympy-20428,unresolved
sympy,sympy__sympy-21596,unresolved
sympy,sympy__sympy-21930,unresolved
sympy,sympy__sympy-13852,unresolved
sympy,sympy__sympy-15017,unresolved
sympy,sympy__sympy-15599,unresolved
sympy,sympy__sympy-16792,unresolved
sympy,sympy__sympy-18211,unresolved
sympy,sympy__sympy-20916,unresolved
sympy,sympy__sympy-21612,unresolved
sympy,sympy__sympy-13852,unresolved
sympy,sympy__sympy-20916,unresolved
sympy,sympy__sympy-21612,unresolved
sympy,sympy__sympy-23413,unresolved
sympy,sympy__sympy-12419,unresolved
sympy,sympy__sympy-13031,unresolved
sympy,sympy__sympy-13091,unresolved
sympy,sympy__sympy-13798,unresolved
sympy,sympy__sympy-13852,unresolved
sympy,sympy__sympy-13877,unresolved
sympy,sympy__sympy-13878,unresolved
sympy,sympy__sympy-13974,unresolved
sympy,sympy__sympy-14248,unresolved
sympy,sympy__sympy-14711,unresolved
sympy,sympy__sympy-14976,unresolved
sympy,sympy__sympy-15345,unresolved
sympy,sympy__sympy-16597,unresolved
sympy,sympy__sympy-17318,unresolved
sympy,sympy__sympy-18199,unresolved
sympy,sympy__sympy-18698,unresolved
sympy,sympy__sympy-19040,unresolved
sympy,sympy__sympy-20438,unresolved
sympy,sympy__sympy-21596,unresolved
sympy,sympy__sympy-21612,unresolved
sympy,sympy__sympy-21930,unresolved
sympy,sympy__sympy-22080,unresolved
sympy,sympy__sympy-23262,unresolved
sympy,sympy__sympy-23413,unresolved
sympy,sympy__sympy-13031,unresolved
sympy,sympy__sympy-13852,unresolved
sympy,sympy__sympy-15017,unresolved
sympy,sympy__sympy-18199,unresolved
sympy,sympy__sympy-23413,unresolved
sympy,sympy__sympy-13647,unresolved
sympy,sympy__sympy-15599,unresolved
sympy,sympy__sympy-15976,unresolved
sympy,sympy__sympy-17630,unresolved
sympy,sympy__sympy-19040,unresolved
sympy,sympy__sympy-19954,unresolved
sympy,sympy__sympy-20154,unresolved

repo,total_unresolved
django,138
sympy,58
sphinx-doc,44
pylint-dev,24
matplotlib,22
pydata,22
astropy,21
scikit-learn,10
psf,8
pytest-dev,8